mut_id,iptm,ptm,ranking_score,esm_score,ppi_score,E_complex_kJmol,E_receptor_kJmol,E_ligand_kJmol,dG_bind_kJmol,dG_bind_kcalmol,n_interface_residues,complex_cif,minimized_pdb
CDR3_P98KV,0.28,0.6,0.35,0.015016496181488,19.766,-37337.46166516516,-19631.703548267305,-17433.394006616883,-272.36411028097064,-65.09658467518419,26,data/screened_results/af3_pe_complexes/CDR3_P98KV_best.cif,data/screened_results/pe_complexes/CDR3_P98KV_min.pdb
CDR3_P98KL,0.17,0.54,0.25,0.0128948986530303,19.766,-37354.643484781984,-19661.583583421245,-17428.8768053384,-264.18309602233785,-63.1412753399469,27,data/screened_results/af3_pe_complexes/CDR3_P98KL_best.cif,data/screened_results/pe_complexes/CDR3_P98KL_min.pdb
CDR3_P98KA,0.26,0.59,0.33,0.0141600966453552,19.766,-37441.69746276613,-19711.167454490747,-17505.28305681576,-225.24695145962687,-53.83531344637353,28,data/screened_results/af3_pe_complexes/CDR3_P98KA_best.cif,data/screened_results/pe_complexes/CDR3_P98KA_min.pdb
CDR3_P98KI,0.25,0.56,0.31,0.0122058093547821,19.766,-37391.18807993829,-19729.8702394518,-17504.301710472908,-157.0161300135842,-37.52775573938437,18,data/screened_results/af3_pe_complexes/CDR3_P98KI_best.cif,data/screened_results/pe_complexes/CDR3_P98KI_min.pdb
CDR3_P98KP,0.21,0.57,0.29,0.0120258033275604,19.766,-37152.672247668466,-19679.998342545798,-17337.349692830914,-135.32421229175452,-32.343262976040755,20,data/screened_results/af3_pe_complexes/CDR3_P98KP_best.cif,data/screened_results/pe_complexes/CDR3_P98KP_min.pdb
